1,78100274048861;1,4876366205896;0,626879734118495;1,70103339194878;-0,982417123420766;0,543518208649652;0,787635857746798;0,792767072912373;-0,584122980582595;-0,10990498753292;-1,10026522570092;-1,03855310616018;-1,37238066655081;0,540561187279307;1,0398830436317;-1,30523274392053;-1,51509847724935;1,16099361190834;0,460742582283484;-0,376347544844744;-0,438058385065419;-1,7285788745339;-1,6891457059689;-0,0557791262005033;-0,139405811637042;-0,719491297376937;-1,43631134002321;1,55745518691096;-0,0253789286275718;1,08117607819973;0,957079755450089;0,276221209686248;0,0420891516285723;-1,71866248635562;-0,924302368349013;-0,409727827586292;-1,06567603300589;-0,714457367867834;-0,501629110945777;-0,566207651098165;0,310311372550609;-0,738373501253412;-0,849245784112716;-1,36167045617995;-0,552113270605532;0,0916109841337824;1,12513727480725;-0,658859349861146;-0,937483856514376;0,205493376050802;1,73403662253993;1,45572450258508;0,581431941391978;-0,652562248226583;-0,741469134740924;1,77552879203895;1,44272950357494;-1,05139396266456;0,106386380602259;1,52071521640055;0,245776725689306;1,01382171328022;-0,915906821443613;0,118341983662051;0,716656299461371;0,407154607057213;0,702998784655624;-1,38777100317875;-0,269189267355238;-0,284441951765568;1,54408433152974;0,982999933062869
-0,219056283746203;-0,826622402955228;0,897694390610008;-1,52112922139678;0,713539339831799;1,24099668955327;-1,33377720878447;1,33319021616213;-0,209075433432131;0,810915749429999;0,576459025188203;1,33332831855566;0,929998362691197;1,07739548145978;1,2622767780767;-1,14422858545799;0,620005987196914;-1,02646508967427;-0,216558042462221;1,5403419778127;0,769442565302205;-0,37893345540783;0,777910218316902;0,881588055904786;-1,63848219881728;0,629186858467913;-0,432440610847752;0,637138883183977;0,969637381890504;0,593633746901023;1,18155181223908;0,929825021164765;0,27458764157453;-1,09033638127516;-0,34853465726848;-0,576604100797492;-0,118195399002881;-1,14650605611069;-0,975466193965612;1,54115036270723;-1,63007951619253;0,171700357955076;-0,296398369541453;0,827202001295124;-1,56641394641604;-0,805530073817428;0,586319195406183;1,01078182035417;0,530083502776226;-0,142806174260816;-0,543208366897342;-1,18977225735771;1,34790082725993;1,33867848096363;-1,78885647634619;-1,6482886805536;-0,0505400573553207;-1,79205951751;-1,69081287479473;-1,72381337085134;-0,134728551814201;-0,416923528051633;-1,4446130179436;0,751283383583656;1,18335650110772;1,20062656794025;-0,749425175234091;0,21216889175113;-0,382235713486962;0,0307150266589707;0,527959377461699;-0,0416538089076187
1,59422503227732;-0,107660252948777;1,45388481919181;-1,11152247320248;1,56277798303783;1,59592731964377;0,733507335007847;0,814482089914413;-1,6648285963776;0,205936787753501;-1,60082231350527;-0,598275991033045;-0,573946398908509;0,657046141886698;1,22818570990287;0,583996717515324;-1,01102944656688;-0,411494979960723;1,12050271458375;-0,0384423529123056;-1,16480682017069;-0,96134320712419;-0,0364332519666102;0,435352919731087;-0,0958304212720404;0,600359421479817;1,28993198800123;-1,11413936085156;1,58913346214745;-1,33448236689257;-0,318495090182203;-1,20961813898793;0,976210222904748;1,14494292096261;-1,04007471831695;-0,160344255461534;1,62156925625499;1,06828195336492;-1,46584803923765;0,0942350144596054;-0,779941842219627;-0,759956140492828;-1,66620753235647;1,40027502101989;-0,427018057226045;0,898305883144961;-0,288989140631205;-1,08912987168388;-1,64304818883444;0,409255983409075;-0,389496711420721;-1,58175562557797;0,650685026050245;-1,04718593999279;-0,488824577409761;0,847993150681557;1,57385277235578;-0,68904318925923;0,629387721407509;-0,745156527161938;-1,40157975707741;0,140071607139456;0,870428401104916;1,31473354385292;-1,18314321078425;1,25387559882061;0,0705935594001563;-0,0738095465331649;-0,0104542285163084;-0,319045123355551;0,607507234598284;-0,434231626593847
-0,599663482472881;-0,629686678421092;-0,93410335853776;1,42443219592082;-0,973266279817724;0,321378375386578;-0,804891966277452;0,79448697482674;-0,776052978644121;0,816447725954798;-1,16136237441796;-0,465478114884199;0,847028925821015;-0,376341784628744;-0,131443765058364;0,436241767091294;0,0197294597911615;-0,161124181210794;0,00336345771764997;0,743275431343462;-1,25758780774676;1,08679894195594;-0,127741744932853;0,873724167042746;0,114338809632715;-1,32940357789387;1,0349043022093;0,0603446615778214;-0,841942001174073;1,62719022857031;0,704114581195133;0,441860029581463;1,64528659520267;-1,67894337376431;0,864616146213551;-0,302867535380419;1,77051000764455;0,00886169637718927;0,251634079003635;-0,267068010044829;-1,55982918214545;1,83417375527659;-1,64865322213279;-0,358887398708604;-0,317036620870883;-0,232170845553884;-1,06971652689194;1,06741036775779;-0,156300864436899;1,59506905805275;1,85721471754248;-1,47818664841053;1,61142435065672;-1,72198662274747;-0,834740260916845;0,170754384272349;1,35527187521294;0,0493892831206684;-0,416671527398949;-1,3706276156109;1,14369088187845;0,991980180845901;-0,0903359376862359;-0,546026398513258;-1,61443176892738;0,253994404701754;-0,253547901385697;0,799207385898274;0,616258877858879;-1,55534114336499;0,522948568147915;-1,71589715027308
1,33518200929109;-1,44150413748636;0,504204267507545;-1,22920432809956;0,918054504496821;-1,47910916937833;-0,560549667582901;-1,36868083629845;1,48170430627402;1,69916570865486;-1,49298893185635;-0,60246630035058;1,51009780198989;0,388569267425264;0,61075471183645;1,52284408295652;0,92219584974824;-1,0361896460519;0,143082543222106;-0,0528803511932159;-1,29303816747068;-0,147509852157777;0,379879273390006;-0,712353138272993;0,141806938402115;0,674828393177036;-0,498537749502633;1,18368069660512;-1,67990314601024;-0,0586838737884946;-1,2685159387881;-0,361181088769964;-0,674114126036058;1,71987624819064;-1,06732334114141;1,2361429603447;-0,469714973180699;-1,31766613436125;0,928197833769374;1,02855459974324;-1,1400173502961;-0,778007309403207;-1,11088835028332;1,07839756117824;0,69468553468322;-1,23184801334192;-0,349959902012127;-0,251126685445845;1,3151763528014;-0,0827409208127591;1,52562211158827;-0,121760405918669;0,0509225643432955;-1,19438787485709;1,33335640571816;-0,217673756500565;-0,0911023578367141;-0,4838082121689;0,359269786537969;-1,45713950662965;0,74970963316395;-0,0139493111483697;-1,38914330823764;-0,159977437886924;1,26731602949352;0,598473209953266;-1,62871779226396;1,5205026068389;-0,244473009382763;1,1048928045314;0,292193438187782;0,539496366160049
-0,36427297498542;0,709615249345035;-0,741628649812596;1,07833037959077;-0,864810498908646;0,895697908282619;0,190478868960104;-0,456445725594628;-0,803686840370676;1,34470320101801;1,46007850183547;0,0012411960985325;0,0140375323585264;0,44954922155177;1,18077799594376;-1,30585060469146;-1,43898128563636;0,745270806664795;-0,502639113789922;-1,80967256993169;-0,0781607946185655;0,550522735951658;-1,54615445118836;0,470140322039225;-1,21541172670499;0,644481305367157;1,40292325091329;-1,72793611750328;-1,42867957464428;-0,270785646769267;1,58433878162373;-1,61439640804215;1,21777409998705;-0,842169242247807;-1,71187759621607;0,800774131106307;1,01251010646159;-1,70614424589806;-1,30680651527957;0,473328314133551;0,787671309342229;-1,14091601001257;0,813040954662211;0,861217254728881;-0,0142587268195946;0,0757922887678208;1,28643453296765;-1,14309574940639;0,874610721662766;1,14442590118661;0,997441614017121;0,471099393697853;-0,352573829130929;0,145547027756569;-1,33981412587063;0,676165743992032;0,432069558963319;0,37919248307729;0,470041964725692;0,0816696506533082;1,08373611229844;0,0947148448933055;-0,851466292520427;1,0580602613277;1,35132587432339;1,25077476830754;0,374428551040588;-0,967493366963743;0,337726676197767;-1,44369627673262;-0,727399256223944;-1,55653718130838
0,42089506313667;0,811179524374294;-0,825578005185888;-0,577812180765839;1,53139682132923;-0,633803673636007;-1,16165488401689;0,492952466225955;1,14836232785174;0,919522485886659;-0,830830322605661;-0,801109665765479;0,516147188344033;-0,526849093540581;0,522612627801281;-0,568250469799143;-1,14828339353592;-0,614291950690868;-1,27844688857292;-1,01132360349105;-0,400425052754007;0,39475755007961;1,18020701087334;-0,951119002588241;1,5042098387032;1,54906173562166;1,3016473994771;0,519371251445525;1,49493614638591;0,624660483000248;0,301535253852353;0,689650309434125;0,238932948616931;0,927557790950255;-1,40562437053134;0,81965877813171;-0,487791998684129;1,21204479812816;1,13794012278656;-0,39032572238462;0,0841467973007724;-1,47874923382132;0,920838875883816;-1,28580333782278;-0,533854080197515;-1,5187317579133;-0,908347463477166;0,430696475835786;-0,720270222798646;-0,514066741673218;-1,28868578759225;-0,505075305481433;-1,63924266906837;-1,18327383033001;0,815878686049077;-1,62451163868285;1,42737791489396;-1,52510815433756;-0,285616618076036;1,77874048710058;-0,139045671720097;0,115379265930595;0,794421721233048;-1,12694730688841;-1,0326619197056;0,27592476935322;0,756362787010595;1,38499479878678;-0,771873874749145;1,49935925106258;1,71594693027799;-0,563922790271079
-0,103783180555264;0,783243107225645;0,570395172668751;-0,736630414176556;1,15488389191631;0,687855840415794;1,26658600047126;1,25955636314362;0,679026596699999;-0,949503008617814;-0,57103514334444;0,218728986585483;0,120535648696377;-1,01554961678437;0,547102250978187;-0,383628384394803;-1,72890997722858;-1,61885875780111;1,07108112564426;-0,778725932524108;-0,306172763573933;1,03712261612546;1,43697262949436;1,66285565930097;-0,638536854404358;0,258540776538692;1,43506190038795;0,863662985874304;-0,640511456005588;-0,659243085054694;-0,609089357133365;-0,583575505225184;-0,594235082144817;0,950933375785591;1,13110220986766;-0,920168456451298;-0,239259833204904;-0,418533236336858;-1,27668755816374;-1,21530389751676;-1,28635009868695;-0,00695881556650188;-0,845794288050987;-1,18590866450289;-1,30320449033148;-1,39591861974448;0,268419938805706;1,5012909481988;1,28192821524978;-0,832629468891339;1,15795484501954;-1,16616310655874;-1,5246389715784;0,547499460320975;1,27308373005795;0,554010585929307;1,04118686034132;0,60245589597782;1,59682282283784;-0,947207587951692;0,947710322637879;-1,44062768873235;0,0565171158198937;-0,505281021574617;1,35450273112559;-1,83101034144857;-1,03058663459901;0,864518655520821;-0,451735444041992;-0,376279995899824;1,55054783142014;0,384539641718314
1,16479440226651;0,320985171085503;-1,32855534106682;1,20463096971487;-0,0531724932281239;0,633036242340388;0,951284433522008;-1,09694170034612;1,47294666194298;1,42069038550536;1,094228320102;-1,62114114854979;-0,203077135265133;-1,28269808567487;-0,926603790126159;0,423316355434957;1,18336080785565;-1,26413443511643;-0,336762025272938;0,701539920435969;-0,386839815041631;1,17656366118838;-0,523771161112156;-1,65623260574403;1,4232434982855;1,16633189276432;-0,873751838765779;-1,30983978028498;1,14331616147963;0,929313772634898;0,0118438019041873;-0,261556937445157;-0,727940214287651;-1,08207303187849;-0,853810853160723;-0,342435551842944;-0,0527003836482248;1,36839722710646;-1,32204511487985;-1,55646911612593;0,999834541191177;0,68877990785338;-0,958913896366825;0,850601568917306;-1,03777052450891;-0,215428883774226;1,12693214972165;0,649819852736953;0,621038777333632;0,0133945403865976;1,01078304391837;-1,04376550341665;1,38024662181891;-1,15261499873815;-1,14553730498663;1,47033888098002;-0,954546171838704;-1,47162523935916;1,26349561133126;0,262603753909448;-0,292514422930197;0,461821709770624;-0,758149721923866;-1,25566961472829;-0,390455920435193;-0,443517246489203;0,588907205639747;-0,920306607423012;1,05322090738775;0,897939901618674;-1,32328576495318;1,29707172065108
-1,75910566656777;-0,500434755860325;1,41001315533948;0,567872066860402;0,491695738192458;0,244208027294423;1,06314905314863;-0,0465347269013537;-1,7791601075679;0,0825683536634406;-0,358701131435653;-0,597706840635558;1,64491813307831;-0,67821556770422;-0,0455220856332683;-1,36175953496082;-1,75308899589623;-0,78476458384714;-1,15869466785238;-0,284605542471999;-1,70819646796775;0,0163983555252787;0,36383309211081;-1,23897097972349;-0,254265635977413;-1,50034492382437;-0,477304089190304;1,08937646795162;0,861776243835239;0,396099289268757;1,29614259281253;1,43319051363418;-0,373707920589434;1,42302019543056;-1,06604837969509;0,30141513393673;-0,79806721395516;0,0517417302298826;-0,593110904805629;0,58232238720122;-0,796813501204984;-0,278970998175802;0,369304789329845;1,46119624778793;-0,835324766484345;1,63700990282959;-1,1446198488246;-1,4391537411157;1,42569273926881;0,305415949790675;-0,93831173561028;0,231450741456985;0,437151966187619;0,711649614051483;1,41906654134564;-0,0423234353677404;0,868912738754174;0,827139001113689;-0,999707431111467;0,17019552806755;-1,10033301746455;1,70695317192232;0,824869615988716;-0,442078810111349;0,519606347576224;-0,0587110583445271;1,50918166667919;-1,59994719630153;-1,43401232195841;1,38624336715531;1,16948826571965;-0,0716501394008079
1,59549438882596;0,134592117725334;-1,0928821072742;0,428581921583493;1,44344838121933;0,741496513401804;1,3956055961382;-0,00708733821514479;1,44079067071239;-0,668912765455186;1,45909132620627;-1,05125065533095;-0,317622832893819;-0,571942354873269;-0,636675889402359;0,752816671932275;-1,57211756581988;0,810930341428363;1,24110932122569;0,243790722630572;-0,584428951766381;1,05648022385767;0,010738488410904;-0,584608210988466;0,735388886255256;-0,810787938962585;-0,68801578399087;1,04393272921556;-1,45531561924431;-1,14651511257955;1,77135770680002;-1,53864848046189;0,961467582094715;0,959026137111017;0,540928380053675;-1,15626372395072;0,330035669750217;-0,52440149394489;0,434831383324301;-1,3560587849286;1,30249453318117;0,98264507166405;0,63787425921038;1,54959014358523;-1,28346119287533;0,395159908902396;-1,53307975328337;-0,371982613669964;-0,852547377014193;-0,76366625384563;-1,37034475936359;-0,244880804191957;-1,36787802434736;-0,574938866277717;-0,916994637178595;-1,03683132053862;-1,45199185619248;1,26793167967129;1,46939861128526;0,678390834674999;-0,14633318811424;-1,22417261858427;-0,127617204477753;1,01146029778503;-0,664064896298179;1,42189432116124;-0,236512661468637;0,499556605952191;0,663334841030083;-1,05625765095855;-1,15306448332486;0,728489504082034
-1,33290097397184;0,987471352828509;0,670066779708948;0,138967522951688;-1,28849349491401;0,168451702836733;-0,995716737359259;-1,37037468827335;-0,971229963410805;1,44594194911953;0,255455852017452;1,0535320931177;-1,49197818978841;0,380568610688637;1,59769930546131;-0,120716565682984;0,234081790926019;-0,0775144248768784;-1,41686514968275;0,796275852347885;-0,306837323872302;1,52165594121491;0,51229286533172;0,913818326888063;-0,56591348597663;1,38581591344829;0,586811559448151;-1,0502061113902;-1,06590076018503;-0,347409932406279;0,694498730865432;-1,51299709233395;-1,31900709710059;-0,416567520388651;-0,728257761217939;-0,719916075282208;0,425879671897084;0,599629970960925;-1,60002357080735;0,0112290446050497;0,515007771721187;1,10014016612248;-0,125377999990913;0,0977729817313182;0,162229846743787;0,509735606064146;0,74333110179717;0,622267019114029;1,58435800560956;1,57022013233535;-1,51751959516244;-1,03482268006769;-1,49194679049458;-0,304302799943841;-0,737432077173691;-1,07845206978488;-1,25063668965922;1,53235329822275;-1,02093416822769;-0,898204562960427;1,35774498879045;-1,67132580312507;1,47163091731355;1,15228481439734;-0,974371958901914;0,0426377671953935;0,646724013062276;0,70069417600211;-0,616988805249436;0,591800203587507;1,2295086078218;1,41055666536696
-0,197616687873637;0,359081770237403;-1,45097434842245;0,380404608992114;-0,0718763216793831;-1,31642178429329;-0,976062832742398;0,714967327984481;-1,08623153608482;1,76531499535891;-0,859165323031875;-0,860737295293397;-0,553456181229322;0,0112144118073027;1,77986077169354;0,776507046314521;-1,41099134422523;-1,381375284859;-1,19908673943269;0,68384189453021;-0,0986045133730397;1,09244662098008;0,441456360925779;0,47268778117599;1,42599943561728;0,510981612785613;-0,652377203396967;-1,61422857851739;1,66279091611744;-1,6919349436801;-0,483635037077235;-0,732741246005455;-1,39095063679416;-1,15554263751183;0,961482913413177;-0,0568019533660954;-0,583613083479379;0,683755250662088;0,79168726146045;-1,67373734376528;0,796060343909161;0,0629229845715676;-1,54805513643802;1,41447437353141;0,980315087162716;0,619419673238484;-0,0103248974777286;0,813692635355622;0,0719837227449898;1,68532058923458;0,391211344852216;-0,968950492357934;0,0693497797813448;-1,16964534602953;-0,204383547792593;0,511053250941536;1,71874196910688;-0,122545569803181;0,755521733170096;1,21825862533026;1,13707197889894;-1,09682233162851;0,8532929716623;-1,12928466980821;0,513961955032653;1,67469248276884;-1,20477473590274;-1,13290162112099;0,850848058189384;0,10167464765614;-0,374867947609595;-0,293630035092064
-0,573156380811213;-1,48314978494061;1,53779871449772;1,48729067875206;0,735365693291897;0,656068152379646;1,13277518951316;-1,14314951587637;-1,43535940501959;0,151027394468135;-0,0744680001707904;1,62966834186204;-0,48105374053452;-1,47222560999548;0,83115135944353;1,42605934323906;0,678458591672704;-1,50795967750379;-0,165971787986024;1,18046711873787;1,57923430184189;1,21580206877627;-1,22641045715812;-0,0304323176244317;0,843157404148469;1,22379265079129;-1,0469328154735;0,941484128817831;-0,100790791685026;-0,819468847128219;1,61468695586936;1,62233295876063;0,140941713494346;-1,26784806006819;1,04122471478215;-0,607322267202597;-1,27530528286379;-0,236064370953277;1,24869380548015;-1,05704178424519;0,202279049220814;-0,244465787707126;0,521732794585229;-1,14781476665526;0,411555193425908;0,704952697855847;0,784889249061122;-0,16282318224344;-1,27724557455411;-1,19954949942627;-0,378327983392817;0,217988631346312;-1,89138939242904;-0,103870669160123;-0,419424577851132;-0,13621260839743;1,39600651340757;-0,40111084915163;-1,32520860667019;1,16431888369066;-0,266340913420642;-1,77805082057845;0,610387116998715;1,03685528329868;0,189086279788828;-0,0440551177413643;-0,480615252906087;-1,18254756174011;-0,860704483587578;-0,530868254627659;0,732022744829065;-1,0548189186478
-1,04949148963124;-1,02483873536032;-0,941061202632291;-0,127970321702412;-1,21428546923897;1,52587623794673;1,17641866846061;-1,74883542297369;-1,45966701214667;0,75124970896066;0,251911890598403;-0,825113842777752;1,17723285110359;-0,538598713798423;1,49724807490484;-1,6463156155277;0,785567475327905;-0,749452157051882;-0,325053005768907;0,760784710379446;-0,834359648091839;-1,80060110561917;0,841076714504579;0,022653493200557;0,77938458889765;1,10608804984606;0,315820572147486;-1,44360072877046;-0,741633298198526;0,0102548182554122;-1,21061961418002;0,883700679855557;-0,256047972162146;-1,2311897671699;-0,610532482228995;0,819519643332894;-1,02848038220565;1,33817358704809;-0,786357903914712;1,43014545491608;0,0513960860757544;-1,39521192404799;0,709686280712726;0,606167231198369;-0,348238375724925;-0,457558154402573;1,43340925736815;-1,14921934960877;0,0739311171737147;-0,685524290594885;-0,309225260478791;1,53529638457059;1,4280858995794;1,55671365634989;1,43353275413039;-1,13063105697129;-0,264457271373022;0,637743482659026;0,694103267891812;-0,718915340593155;-0,67168500715998;0,738278724271849;0,594256053716714;0,131536348089788;0,0801286501814534;0,96966938923472;1,03239230787627;0,526681945314267;-1,80980690452865;-1,20401224138727;0,983622945169825;1,04885206677168
-1,72669048473357;0,0392612759801167;-1,02443982966354;-1,17955121082721;-0,74925202370356;-1,51992201777598;-1,37792030653164;-0,473533274153826;1,53034420170326;-0,235339264516069;0,287448317596939;1,81356173994083;-1,43160786431384;-0,995310849846437;1,30367174672434;-0,0208499531240152;-0,910523304111609;-1,22210889420328;-0,633270208635296;0,132174375027605;-1,09264948096707;1,80172649893444;0,429639114983723;1,15486661156798;-0,205378293815676;-1,16148786507831;-1,21590595069735;0,495908854425201;0,316250604460249;-0,818365850099024;-1,07540110182755;-0,430717746961942;0,129121599710305;0,453961167162199;1,76452456473035;-0,113383404596333;1,08463922726374;1,11111704439533;1,64053442518452;-0,321664518348773;0,478470874231362;-0,367061579945224;-0,209121289871394;1,60588318317988;-1,0819122675175;0,878960728814592;0,00354379545186004;-0,486436503367935;1,78088190919351;-0,466481334122379;-0,104903857837704;1,40415140296021;1,44792317231994;-0,670433824249335;0,622506551750824;-1,65626254394733;1,48177660071708;-0,307152001510835;0,897981522709151;-1,35299404083597;1,56813837264206;-0,00167472123615534;1,08237056110661;0,583480169591565;-0,925168044899241;-1,04706381765184;-0,0807897419801961;-0,0134145917553576;-0,887680974856105;-0,34817473089005;0,766665259332926;-0,149485908786257
-1,20457744611365;1,31524561732388;1,28097928608606;0,906328904154422;0,0164043039644727;0,461186978072268;0,23957089529178;0,551967471006346;0,472262190413748;0,902494852552811;0,353788402330668;-1,19668428738487;0,918306439966257;-0,826174141117979;-0,232615326080833;-1,18006665463152;1,45655543323867;1,40909156805322;0,0473969077307734;-0,595077463197317;-1,75931110706558;0,987060873743191;-0,243640719601017;-1,49556817579357;0,191341641890255;0,840135325433109;0,530242519836708;1,58861644863989;-1,02183175873707;-1,95308781280289;-1,57350386347856;0,133166748529821;0,404980713656497;-1,92580215296079;0,395500702415595;1,51179100443118;-0,546379387198957;1,10539091720226;-0,255570497806179;-1,19358834803992;0,853865700091479;-1,86102058656348;-0,41187068277874;-1,54959117558058;1,04138764503531;0,0697640209471318;1,05486452710242;1,30915675419242;0,595193686386274;-1,09578145385679;-0,0729756070176072;-0,889080577742075;1,00551891350329;-0,8436851263735;-0,584392600067374;-0,568599827929619;-0,410952359799097;0,806708765155623;-1,25485143445983;0,799307470458582;1,55398295016278;0,273992938579111;-0,396039466980586;0,455511306492641;0,506160019307371;-1,74921704292315;0,0213734908858478;0,874269896203048;0,401363648393643;-0,121367838584794;0,989351224494657;-1,61867418068759
0,095990934027214;-0,333841847020823;0,582226655043884;-1,48967115755936;-0,173600606312041;-0,267932710593758;-0,52159469007057;-1,46951433450863;1,83437359086542;1,26199102035254;-0,585001392546467;-1,51783428812595;0,144792780390037;1,35785491061447;1,16719544831168;-0,326049664834693;0,691322715323193;-0,614749672810103;0,357822121323057;0,679474427275312;0,801677914218927;0,982017567971014;-0,735270383938254;-1,00456022297622;0,565955669254566;1,17223784004391;-0,0333982212148367;1,23829336133266;-1,54376482464985;-1,40963981479318;-0,671875237179275;-0,865885388913038;-0,0632066139512439;-0,0247010827963173;1,45983478287095;0,166714104382279;1,0196541034427;-0,29046931370903;-1,59051762581844;-1,33624745544918;0,152768112541913;-0,990826654000243;1,43437224100058;-0,872685612607375;-0,32428130576384;-0,0712163026345709;-0,869919671647233;1,61348407436962;-0,484003871649332;-0,839523010087929;-0,991606507036443;-0,165311635232985;1,97687110462968;-0,863004773417802;0,0139532961088469;1,16619614698331;-1,19142992613164;-0,0060715850289685;-0,00340404588681156;0,706384334571167;1,81768829154819;0,292334729523885;-1,51860797290785;1,65115494260953;0,341007794482739;-1,3119744666825;0,597595106752405;-1,42336459986272;1,95024290867064;-0,592377119119674;0,706519012649721;-0,611066434016852
-0,664506697288867;-0,0385552379785073;-1,05583365312335;0,0472242236083144;1,26742333908992;-1,39507460059828;1,06880271992599;-0,959570277108711;0,26477993992223;0,226473014340932;-0,0139567378319857;1,04792066972729;1,2973320960345;1,22018391063747;-0,815650760127412;-0,81785251389003;1,62793526647129;-1,2589364289839;-0,331291713775669;-0,620971897446353;1,41146191700088;-0,339975319206132;-1,08682250938002;1,5399970513863;-1,05489685942924;1,47270843716708;0,603967938394159;-0,654114682225704;1,07879588020921;-1,03253275336853;1,36815732262623;-1,420382730096;0,314348516577663;1,33000492346737;-1,12112786771539;0,119688570699672;-1,33779346479925;1,4998011833982;1,28370406368468;-1,28475290559328;0,460772352630415;-0,684972734609605;-1,29079021017031;-0,284056776011631;-1,37286986072696;-0,836419130531001;-1,50003844874957;0,611847451748089;1,20721947512433;-0,302960237178817;-1,33343554604462;1,31686508338062;1,34994102405586;-0,404921009932124;-0,409099085194862;1,33708857471523;-0,466555440674202;-0,934210751711688;-0,412701629038163;1,45633485472081;-0,33742258619448;0,208094690075978;-0,376746204519956;-0,217510018784958;0,519935644512661;-0,108396719811701;-0,781250558926096;1,6289471253651;0,82648906627714;0,726280621970879;-0,994881761166504;-1,38668862900262
-0,988116977803622;-0,651754925855868;0,549114971529816;0,550941931325873;-0,654539502953703;0,842670856307044;1,41003494472482;1,45748946005012;1,47304380611562;1,67909199140647;-0,271210577882388;-0,201080453481178;-1,33841123362112;-1,60106460107957;-1,22769729410289;-0,898183727356574;0,174939813720731;-0,899281546830313;-1,03816017878524;1,26271224906089;0,357399165293089;1,5057320221199;0,690552386898268;-1,3891562548091;1,36305104575107;0,558021299756378;0,841380071490911;0,356838011076521;1,62933195432928;-1,6051001462553;1,46152602157837;-1,14896781106366;-0,926960735607921;-1,59900129807799;0,657693985544593;0,356136179975102;0,651128275138652;0,644904924556345;0,345396733136395;0,292717396999535;-0,766738233885953;-0,265433390490255;1,68571086498682;-0,407823349180084;-1,22591900405136;1,43097071393688;-0,606562033013367;0,432070491258637;-0,602461214036992;-1,63998701913589;-0,176973648854788;0,0528590888316941;0,0862931192540035;-0,68325676897691;-0,190223501972411;-0,806465769673581;0,345075917495803;0,283234230353795;0,875274115824742;0,474822427539859;-1,65374621116899;-0,601840062336828;1,51554073597078;1,4231069563858;-1,43747102615703;-0,777279762803849;-0,929156713858383;-1,39444693152826;-0,57137535637422;0,103549756171952;0,138071227754713;1,21741811941433
0,293773353554059;0,205645771662691;0,223954203997998;-1,21412989390009;1,38229021372364;-0,727948769488296;1,39940631676823;1,49685616231599;-0,660260102848065;-1,43242939779955;-0,870136434629888;1,49155866521433;0,106221382841372;-0,410716330579802;0,30340137016973;1,31713955315547;0,126002916340905;-0,353982128631538;-1,83958758894689;-1,47477140253495;1,33077262865358;1,43397424070784;0,139110905296688;1,39770824102796;-0,254519479715537;-1,5824168886243;-0,798214281511479;1,10761985784015;0,56202842212416;-1,04538531527688;-0,825002248156805;0,8444906999356;-0,251538371654391;0,140710760926149;1,16772845087989;1,29003798548952;0,484964764057724;-0,990079142242715;-0,799336442896064;-0,928986150574057;0,297624142018956;0,805458167930211;-0,864025865961129;1,14914898673261;-1,7548970617025;1,46534510759905;-0,66100961180154;0,348549200048727;0,309391301150992;-0,85962133407297;-0,144183499340293;1,17728530664736;-0,0642764545957891;-0,393798920971527;1,32133949760504;0,42609431249162;-1,78436040413599;0,392541162615442;0,606684785460848;1,11381183184595;-1,78062975847881;-1,55910881157392;-0,916067530310165;-1,46577005807318;0,958868050002658;-0,148331934920089;-0,10779823363327;1,53180582156062;-0,0121495818142921;0,579658584325609;-1,01872048140424;-0,734813211918371
-1,33416447582063;0,926713744572688;-0,0185505227989573;-1,24645968796093;0,697921674567112;0,817646039327582;1,63530074081166;0,0390683869301875;0,91486129293436;0,667677927161799;-0,947112151086162;-0,263308700598148;0,937023779361795;-0,270709015280152;-0,825867197150879;-1,66661477179389;0,630532609806386;-1,00918809355179;1,54951899794602;-1,72127874046469;0,174092117059685;-0,172936037189866;-0,888523517337355;0,213915031708959;0,0656121061523361;-1,16262725800074;-1,61394330885266;0,163341610412929;-0,0971420122410242;-0,479690713167468;-1,42701942718375;1,62906827652548;-1,64814525001225;-1,17481824454676;1,01033502939585;1,1358087959155;1,71963428048847;1,08063698386681;1,90246711560503;-0,641808360940568;0,928285066596693;-0,988764591728823;-1,30831201806753;-0,487748266700802;1,37001845072544;1,39153886038435;-0,411738282867445;-0,292692768206069;-0,951973830088991;-0,0667666111110563;-0,56550400719817;-0,619280466048514;1,21930772637825;-1,01125341986602;1,15294797801582;0,764284201568402;-0,00741688513793212;1,69304708569125;0,613440846085901;0,0378947855198733;0,608935201132271;-0,350695016649247;-1,68644374787676;-0,428102140946147;0,272043207297572;-0,650667787412478;-0,437817597633875;0,289187876860583;0,644468595523165;-0,036163352867209;-1,46073641208319;1,47540826613874
-0,869373502619578;0,335779745065577;-0,636234570446796;-0,579078763141413;-0,603523775489173;1,36413689742891;0,692247620603283;0,541184172074924;1,05269921112708;0,545343818035072;-0,621368286696401;1,69361975989793;-1,53714434489187;1,00212927665169;-1,24898259381005;1,15410342523156;-0,349985023052218;-1,39460778236179;-0,596541208712002;-1,58982791032614;-1,19789174740085;0,0451203877276664;0,608062097093417;-0,475783197911664;-0,992869513338849;0,937664010597512;1,04478014524975;0,183988849377877;0,0137947099542769;1,09714278057957;0,887003787991004;0,90599610457023;-0,373496057672811;-0,0948189898388685;-1,28714217516602;-0,856810685615231;1,46516381849562;-0,000981358635775158;-0,32226557315596;0,357738002066012;-0,791871802001669;-1,60115365231302;0,709481911416994;-1,60932121781894;-1,29623179000706;-1,46529454092936;-0,449311917695065;0,968334576980669;-0,935453139834124;0,184915868488204;-0,998418150144322;0,362238506913686;-1,04127259632288;-1,31519053847949;0,904670669713061;0,806145789041142;1,44835732736055;1,56018830685325;-1,1996873453501;0,179451893301702;-1,29412134336839;-1,10521932432213;-1,08608863342689;1,6761961099359;1,37897970943245;0,193275288121756;0,453637722023199;0,278314324335381;0,675793356270167;1,32846777119356;1,40957928612433;1,37163601497194
0,607022558897254;0,728720574620294;0,889856676816585;-1,30871249550239;1,0275644775496;0,561263524229843;-0,878681133497746;-1,23741992371235;-0,29471110405446;-1,64559111289285;-0,570482090377325;1,53599111852314;0,435690375793752;-1,18346817696182;0,282832407100162;-0,753702230139127;0,682118150668666;-0,445356884273363;-0,663760464140141;1,61443071337425;-0,488777650012746;1,19521614909629;-0,0216722460433605;-1,40139523346506;1,1814576416305;0,715902728607924;-1,3679262167427;0,177013686910769;-0,265632981312716;0,96235191485073;-1,42284213600172;-0,621243413681887;0,450011564213474;-0,730644382629035;1,41751451743667;-0,150907015253199;-0,594394662601694;0,455611327477422;1,4545472506169;-0,853938578299708;0,701280199870851;1,65194133503475;-1,30593745163331;-1,4740002217636;1,08238007913279;-1,00437342797825;-0,493511766028157;0,819279451802175;1,56753927676555;-0,564318645927375;1,25591081874807;-0,643668453567177;0,247504599098771;1,48969350129314;0,117019126899288;1,12418730089572;-0,97399752732448;0,566861562293508;-0,777789246038133;-1,41272859904646;0,204799392984411;0,656686070686241;0,740593948695127;0,455317872189566;1,48963191420363;-1,67362902468357;-0,638410793678474;-0,558055589565348;-0,888601803303736;-1,29065092563477;1,55307332355732;-1,49788352479689
-0,108311040072394;-1,54921954837717;-0,775665231683401;-0,365974219236851;0,923440632056009;-0,198764849676608;-0,733032081039791;0,586056929274656;-0,458673488023383;-0,415713289111188;0,436705578405726;-1,43312039421224;1,6104202540445;1,09083000616135;0,994988712680324;0,812095596524148;1,01754836851364;-1,43885373983091;-0,872026175659257;0,682015506019952;-0,433009251221793;1,31517819542272;0,79170632920039;-1,70498914638819;-0,777594512527808;0,040038172709422;-1,24646152516412;1,1961268019912;1,53295088142617;-1,68364369503049;0,0746679156591857;1,30545688148784;-0,341015156345156;1,19375708861081;1,43645878766137;0,153669313224546;0,709212190716415;-1,16919075138471;-1,38097208673889;1,17347243666425;-0,320817754941693;0,598586421647922;0,963954697591586;-1,02552997189559;-1,39444643944549;0,565157927613677;0,893603110716204;-1,15734894308645;-0,768861521525553;0,521677656971149;0,402202046858002;-1,17228925183568;1,50792608011159;-0,680654429673136;0,847177770372255;0,50102842741282;-0,416408214669622;-0,82337933689857;-1,34108295831241;-0,869300792256777;-0,705006576115852;-0,00464122012305814;0,977623710756419;-0,527733044596261;1,43413645813756;1,05576635982582;0,832412425040847;-1,33604008616967;1,57888888140791;-0,911383852147586;-1,64981984579563;0,43403586829499
1,64281563224987;-0,193928435044653;-0,775080759235566;0,743012759889745;-1,37722915662291;-0,0224961400483126;1,40933317500817;0,455474789542612;0,907529818640345;1,61395533134326;0,114040554988267;-0,767281443173866;-0,231212958361204;-0,549487425003289;1,50920320998377;-1,3879340640909;-1,3815208131589;-0,837367346914454;-1,17498755295034;-0,285534547196819;-1,5429480508582;1,22347153893662;0,0340978565104294;1,40412699084919;1,34603777150976;-0,323333472620677;-0,576658255551233;-0,567922216076645;1,44933553141904;0,358606423821097;-0,832236104995825;-1,57008856493515;0,304874361304752;1,66688626619976;-1,11194762177525;-0,196530010430294;-1,63783087998642;1,65403175653072;0,0563030567150345;1,25186896260301;-0,556039752884442;-0,0805879592082854;-0,0966721184996545;-0,651274401185286;1,49584350280641;-0,113226016152291;1,35771122052305;0,0908404637485686;1,08059668236804;0,373237788200503;-1,6370285022607;0,512485170385213;-1,45113966380631;0,375119602555828;0,160114557304355;-1,28244844205302;1,46827740459371;-0,482904053935966;1,09327868452877;0,642408012146555;-1,14763041986335;0,275462855718548;0,702442954272363;-1,15286914054702;0,744398900972814;-0,0176634154428474;0,624147891670172;-0,201795528412172;-1,1393323385943;0,00394068504779684;-1,45189571947075;-1,33924887354083
0,744014138662768;-0,948834261795905;-1,72254156688958;0,116102483818264;-0,563596308852407;-1,26447126483497;1,62948156639435;-0,409988545194281;-0,125355402451786;0,993738794442566;-0,0894424502656845;-0,833056573531925;0,182238984565099;0,245991921508731;1,5994132621674;1,65318880323143;-0,35753326410119;-1,83296016679948;-0,107427213513076;0,455551105137165;-1,40206799071675;1,08360870775585;0,628160907334683;0,812655937301678;0,866175357362437;-0,855029707609118;0,189733874061743;-0,350096666356959;0,916586973015025;-0,299306524708471;-0,662936510898487;-0,83244018420008;-0,00601803862828918;1,4019595357079;1,41038576890709;0,935122200564476;-0,0266947542779239;1,64923178841652;0,736142564661263;0,722231551735247;-0,574128306273898;-0,546301346483824;-1,32875774148512;-0,67233489412348;-1,76982863000012;-0,554769734802367;0,133380647385761;-1,58749309246458;-0,0303703302084934;0,624502110986602;1,72326901078821;-1,58843945288011;1,70032404466564;-0,47009795583887;1,5118987556653;1,39115464468923;0,153754044651722;-0,804448290408949;0,980676340238137;-1,72978313081527;0,2765440748856;-0,041638296820671;0,404173695573004;-1,8472654073153;-0,364541224230929;-1,27821879563759;0,903710678878674;0,511028662639509;0,566355366383955;-1,35692546796906;-0,341332972062624;-0,276015838735396
-0,657928609341147;0,985157850157206;-0,802626515487578;0,960496232261442;0,503465772457251;-0,546812156336055;0,664160098765295;-0,433035223902178;0,835200396739274;-0,0964897904768027;1,4668422767832;-1,49936158728719;-0,141676604172217;-0,901032069010854;-0,623603099159669;-1,33689429787755;1,66500811407736;-1,75710043414194;-1,03718242506293;-1,04059681088676;-1,14374580746456;0,554058073203919;-1,35426787834418;1,26586477048192;0,87103426102929;-1,28548160593981;1,47811392607554;1,30448036457875;0,391170141413124;1,41212920266416;-0,265677587847404;-0,522196392072477;-0,862934150274756;0,113267067384025;1,06032269716191;-1,02030665126001;-1,28271250139524;-1,17363239426652;-0,830657355425923;-0,94923350321658;0,478795506669439;-0,281895979923626;-0,56632017188971;-1,28356786373756;0,396667020509785;0,239863436946364;0,299582551322823;-1,08459759259359;1,31903299110683;0,549260990113651;0,720552836123115;0,650799806954763;1,65826564641189;-0,923110233130058;-0,758262383684413;0,556870504677862;0,564159489414257;-0,299634098746571;-1,68580426785498;0,0136811393099335;-0,256068895188661;1,12853692140947;0,944651821907626;1,19192838129804;-1,60607844171653;0,213772429768553;1,1324297502105;1,51391351566669;-0,192497578949831;-1,37856268698678;1,71467539074062;1,06337426925675
0,567620190430863;1,39082088800898;-0,0145141310102325;0,631035312635986;-0,902372325515902;1,40775518904837;-1,14897149034964;-1,38265699647873;-0,0789881691590446;0,513653948751883;1,46287849390955;1,32195829350814;-1,32335320255039;0,577404108282304;-0,663526471713306;-1,94323725269281;-1,1466823176067;-1,50804614292004;-0,0784010599124635;0,512017849273262;-1,49948550178855;0,648227252809398;0,796643849364062;0,839275038517609;0,272989136188055;-0,249013820938703;-1,68568752784938;-1,8227570317279;0,600879070917035;0,284983148381726;0,601336865607231;0,646077929552186;0,3330075133042;1,14059704641601;1,28904628148446;1,45493605643082;0,325977416584925;-0,157730869855711;-0,812658774295836;0,363851215061599;-1,40694225752979;0,94533717333367;1,31015650569884;0,452684377045832;0,862811551582331;0,823200568857472;0,231797034261001;-0,93645224025997;-1,38834486996424;0,793267660511401;0,371238533703607;-0,942685169148477;-0,0572810217843701;-1,0903614932959;0,281719945106998;1,39655862985119;-1,40813873353208;0,623376522701886;-1,64426959572907;0,823807187652529;1,09112694472075;-1,32853023079873;-0,506370375166033;1,11319437468896;1,38948277537438;-1,18551520781964;-1,01336499197305;-0,986784556736679;0,765523519027567;-0,641296835914397;-0,792048977048007;0,488214244478738
0,843620638939467;1,09161931898139;-0,00395874735787248;-0,870316534188624;0,876399849515386;-1,54700073645982;1,50183883761432;0,985850781633151;1,05384313843542;0,790865358611439;1,09930034692391;1,3364129715368;1,44039260623958;-0,371288877781108;-1,19489390244065;-0,489493711785695;-1,04253140161318;1,41956697238216;0,920998720433776;1,23353324390758;-0,427605781619688;-0,0783623449081239;0,812379330864277;1,44807681370987;-0,461730192772695;-1,69101532601542;0,60710812757278;0,122782901235163;-0,0846814095110798;-0,690125745954729;-0,142542870159129;0,793008230162387;-0,330832191825398;1,41029563290805;-0,164574300635237;0,454865258263427;0,538325290640785;-0,659955283148607;-1,31445439152551;-1,6388405071344;0,711491928987658;-0,994152883330006;1,35585131536192;-1,52815401179549;-0,798269812790275;-0,229905187922428;1,25281702268108;-0,0736979411611255;-1,77284111286714;1,09929440535005;-1,73050544505363;0,933026458089788;0,0533204215907856;-0,406907301887521;-0,900361752491012;-0,961997876121819;-1,6047408718523;0,072862205629354;1,11631142528117;0,683434315561393;-0,629211097335504;-0,504924923590251;-0,813448668825179;-0,140011975579264;-0,950572631198842;-1,57768874320788;-0,21673569660721;-1,85388388663787;1,31818318955123;-0,124861394006976;0,497078764270618;1,14232164823253
1,07076064020788;0,888654045947534;-1,24185396975349;-1,19532338155656;0,276857141912008;0,659370787392923;0,560899024071776;1,53394875657105;-1,30144200953078;-1,07586617552128;0,19422020260309;0,538479617902572;-0,699933656907704;0,651818083531463;-1,01430559685742;-1,70810951368353;0,628135616316532;-0,953943127428272;0,36566272417491;-1,3010062397534;-0,0807576914216009;-0,312462435873458;0,720757954330464;-0,515887651059749;1,5873952994907;-0,223727730197751;1,17246211187717;-0,972766898127619;1,76255205495123;1,46039533060498;0,321115600019051;0,0533657453980106;-1,15803209346435;-1,22720635305589;-1,70088425909065;1,1254602367782;-0,78916401574983;-1,351598882712;0,675746694494017;-0,378751692918392;1,47364610082769;1,59151755960402;0,410370993944837;-1,1875693697327;1,23625122954658;0,569431707488085;-1,05204653563119;0,312730792045849;1,32320756303428;-0,124084963907812;-0,607994357628368;0,726499037554059;1,46216331866847;0,215101382533273;-0,33054880262306;-0,404422602977913;-1,61974958744218;1,05035437672749;-1,00639798562602;-1,28706080694949;1,26322937093699;-0,253979756859859;1,54771739704105;-0,985516644714523;0,379338919880905;-1,64679122185417;-0,0911339676923276;-1,26037298291107;0,565056663562855;-0,363445138214389;0,857375197487534;0,192088819969274
-0,0277522030850343;-1,31483883782507;-1,26627044071955;-0,0738173185298229;0,95320408345952;-0,055821761887097;-0,160206663287812;-1,01893776115758;-1,22407856097465;-1,19009930721068;-0,748479444113523;-0,0792843976829185;0,117319414311306;1,29659314517338;0,211189311636219;0,249767548199726;0,765176667702661;0,332704278173477;0,849443015178301;-0,254726018536747;1,36169324471255;0,00311003035546922;-0,0410477713234954;-0,251288476322131;-2,07270079194298;-0,610133266165637;0,0401592538262632;0,99853804643219;-1,40553892133826;-1,89473094500788;1,46215715607507;-0,295609579132077;0,673444773807009;0,869642202683315;-1,49283028470749;0,590032293863241;-0,807496375909081;1,26499549923126;0,158064015006183;-0,14754237469324;-1,01005803035416;1,47904263124963;1,38058744676996;0,250103778164272;-1,83269747249752;-0,552977382025336;0,365373026224047;0,662478199422963;-0,443804674216449;1,2003882274795;-0,579799276383613;-2,02792071359019;0,306150846458322;-1,12428632323995;0,394827658310302;1,70423852437526;0,461309691314191;0,720118793418343;-0,121196424187486;-0,556742547975488;1,63911974210241;0,576356048095764;-1,73347873741997;-1,44942751356741;-0,917155705469981;1,28223089283432;0,982371586325839;0,982777969443757;0,669343532280232;1,35625777558874;-1,06281597349184;1,23528192628717
-1,76154706469491;-0,997016595548412;-1,22168062588686;1,55113516906915;0,37959995522539;1,38955210027673;-0,453680665902335;0,247354511535556;0,753310654120988;1,08166730046293;-0,582969940464015;-0,762484091653066;0,437748448295233;1,3207999772101;1,10078046163453;-0,252567007055817;-1,48247642077237;-1,31206576506278;-1,80423650186015;0,24001757923302;-0,63517307751083;-1,25935694864314;-0,000817172317805213;0,185352504780772;1,06275697916703;0,70714253662051;-0,838713556397893;-1,23570017358847;0,232827501972382;1,08623582579453;1,65385168388764;-0,0132754000737929;0,180181189488638;-0,0272382653008817;1,58355207352215;-0,59514650161822;-1,70035330643257;0,52328782004869;-0,67196739045433;0,746678928108012;-0,753618341451573;1,3473232695526;0,436441905741486;-1,43457536704558;-0,757984627746385;0,858230446866126;-0,0779209811724103;-0,466121866551408;-1,78548644432766;-0,710916789037458;0,51937043718835;0,0575612317583073;1,18835297042725;0,479240852472795;-0,0931811427101265;1,15804423610953;0,664034928930699;0,253201221493675;-1,43553112148873;1,33269177076619;0,304356345283766;-1,14188980370472;-1,90938230182768;1,32730918048776;1,0880499687366;1,09053981177108;0,717569071019602;-1,45892259779474;1,39748225584926;-0,227982348138106;-0,476123012014098;-0,345529888659752
