1,2229699626193;-0,0886892867575389;-0,25198344456856;1,35943054019307;-1,39946660399203;1,15979816425802;1,46925398092032;-0,282844713705563;0,0882387900154141;-0,965076847553978;1,18632498013867;-0,0396027664667159;-0,111127058840204;0,159177952286512;0,902926613951136;-1,55304629995143;1,4610764275628;-0,711441563265521;1,26506639107755;-0,104285382505616;0,942418648739087;0,712969822075404;-0,312637172928729;1,12052370061649;-1,36085101852516;1,33445091074372;0,569113222651033;1,35243550846449;0,953958551287152;-0,371176928390124;1,2774770053125;0,734446177757064;-0,736630564965902;-0,509490612683986;0,0497856724001617;1,37138198877809;-0,351209945480978;-1,59255920044313;1,22892537209623;-1,42661955169102;-1,00609398546909;0,715451330765336;0,502469149382938;0,329506660994129;1,10157820335956;-0,479670723428679;-0,652256844442034;1,27014539901083;0,611505417971736;-0,656489087312071;-0,939130925510853;-0,991438564929133;-0,676194152939229;-1,4008626009392;1,29776834770021;-1,10822587926601;-1,39427813363872;0,118395171319181;1,10205553890832;-1,24301519823152;-1,02754107820292;-1,50140754735408;0,254099051511511;-1,15881030140437;-0,751651536362255;-1,1663472174283;-0,921198221310719;-1,21986246596612;-1,50883373992355;1,02244694167727;0,289065962033776;1,43540960819602
-0,513760140186166;1,145472579152;-0,804606340887496;-1,53984877061407;-1,55778925018363;0,9006594109882;-1,76648942272283;0,640228177132654;0,377395866787671;0,836500313228548;-0,97988415958463;-0,0325411191104182;-1,16834234375959;0,684862473002607;-0,250232024820066;-1,06344701386531;-0,36873843935769;-0,525472146378119;1,22606776025807;1,08864107189256;-1,33551630768229;0,90605906793356;1,16548014760205;-1,24748440469609;-1,28448536553497;0,022840354921863;-0,609204200436169;0,683783700991495;-1,30608454855592;-1,16872190044325;1,24057888499772;1,15255530429469;0,570091610535258;-0,986794109018195;1,0097949268011;-0,305977674455062;0,854571911347275;1,14257570374749;-1,46082468703245;-0,843520035599547;0,0842842999137442;-1,25073117563708;-0,155454884517408;-0,379799367279661;0,920305586342646;-1,50181405317667;1,48202491670479;0,0724212938123313;0,555703095930183;-1,75139950022518;0,615904421200824;0,457802704972245;1,46410379007155;0,802508804182883;1,08820397535956;0,180458621582389;1,58027026125206;-1,34425255817899;1,34491442462302;0,0196482245966173;-0,277267010563219;-0,849995294012206;0,159182103700991;-0,241012854756663;1,19619925793295;-0,532161634177201;0,99764510005644;1,41872959496072;1,27534537590362;-1,73138497235259;-0,31774109551047;0,0889636865969316
-0,944649720125109;0,324584936186762;-0,867432439646994;1,70437930607122;-0,80347227443477;-0,262127774208267;-0,626549788375552;-1,748134494665;0,166395559017157;1,03650157213641;-1,84800509814056;-1,49301275855304;-0,197781059838574;-1,11538608522722;1,45062603397235;1,53917572232706;-0,522713566375669;-1,06328426223559;-0,311497922198006;0,469203668794675;1,57283420708685;0,142573418701504;1,16560594941316;-0,945850371547099;0,22153122770057;-1,89558887897108;0,0356780055207317;-0,365986810502097;-0,997695009929753;-1,92050128129834;0,453156775771461;0,567972612819862;0,194959900536965;-1,401671679113;-0,525879930901677;-0,669041132845955;-0,217363365289984;1,32111011683997;-0,977411618136343;0,0476644608132529;0,93006586565484;1,27030272834589;1,66335604420637;0,460995232337885;-1,08597980712171;-0,31168003410015;1,73584707671736;0,471138716310394;-0,23836202270766;1,38497629069139;0,127482629050706;0,507603172122112;0,181804156636756;0,983001728044474;0,334482950712294;0,712032629105658;0,958234754705871;-1,91291223218197;-0,508482085711428;-0,899213559545765;1,50144998820327;1,53869279005882;1,04881628319702;0,09556667623342;-1,40798536771713;-0,616721943028149;0,111283108842261;-0,787439544807658;1,20974961360672;0,128337002736229;-0,234791076465037;-0,0445679152833682
1,46275007793196;1,24833246592018;1,16854084507727;-1,20653308673125;0,336948674301809;-0,89106983345881;-1,33395045124772;-1,02554638587676;-1,31902731895852;1,1884703382462;1,42999218887569;-0,339271780495174;-0,0766828107142731;1,4874064774864;-1,14091320268284;0,911842311932243;0,167972147614706;0,558882817146166;0,253396210772227;-0,113599766046294;-0,00843207093777916;1,4687714027885;0,389513244953794;1,05260762290197;-1,27011938396075;-0,213837289705616;0,0224712705755878;1,16195377405661;1,19827567767984;0,535826565973983;0,950624821870585;1,24241936841632;-0,173056400871513;-1,30890579373434;0,584093412926515;0,542895694577687;1,25129075547215;0,143532748410187;-1,10373115688046;0,317452568328803;1,48170642094717;-0,698827302351122;-0,711906395602354;-1,33589189753438;1,4258234007095;-0,163277046029082;-1,17376641335147;-0,943495083327332;-0,668383292463238;0,824056458136026;0,862806971698774;-0,935166601532632;1,4958827001634;-1,39604148156625;-1,35196392461268;1,52410269604964;-0,585073956517908;-1,32795995530899;-1,3803068802548;-0,893107213476865;0,61658291687178;-0,965780204398149;-0,693698042650429;-0,324729864026326;-1,20604766110867;-1,25632035702492;1,36390864128252;-0,211670194464222;-0,540580112924404;-0,153684876354346;1,19067557736628;-1,41945377827977
0,0270094118319095;1,46276195255992;-0,299775711667078;-1,09205824047502;0,623324255668479;0,0992848807114726;1,10690550642841;0,262468224648212;-0,781812565528427;-0,774863441021685;0,220066261208763;-1,4559911002423;1,16012450645622;0,283896728826429;1,2447459766817;-0,479023286349574;-1,83717245972952;0,454500600479553;-0,588390334189694;1,08209966678926;-0,132726123040471;1,29405604615326;1,19218117924088;0,93043325748852;1,53058970177364;1,09083604874428;1,38703713474943;1,20053420774782;-0,221365942021978;0,429077540556043;1,07272039532491;0,944052604147888;1,11449855818064;0,740250817732162;0,208317237118704;-1,85241585870396;0,00461457283842175;0,84763235907092;-0,980495672882467;0,539014203530267;-1,32370173578269;-0,539518127210975;1,06555146841535;-0,626904201499426;-0,0199772508530245;-1,4539690641527;-0,222157621536806;-0,360366405237083;-1,37908179507076;-0,0625387180072891;-0,517951895836746;0,235012905897741;-1,69999030315626;-1,82306074631474;-0,189383625982518;0,269447076868824;-1,61615353841224;0,306284742034578;-1,08615423105848;1,06898191811438;0,248741457152215;1,44286500987077;-1,4029001450611;0,325603605105706;-0,311090125156419;0,812507368251051;-1,03399594723277;-1,46686062300723;-1,81115482002356;1,21042752365436;1,05285585200218;-1,14831110761026
-0,182908240407691;0,673713990331132;0,783154685994735;-1,20608992265016;-1,38350644810713;0,199304662994599;-0,665126893938734;1,35908492708661;-0,304314883424713;0,12797297472378;0,956120234191199;1,63755998369401;-0,668491449978781;-0,777279379531202;1,02023242521045;1,31231504929838;-0,685801471347374;1,73478013437585;1,56050314348498;1,49541479977821;0,313445578272326;-0,24385490728114;-1,32204000550234;-0,957441214558684;-0,75173026641262;-0,874561468026103;1,48133998299168;0,96719327990215;1,37768973998884;-0,372271964997709;-0,167193240661972;-0,781248680286773;0,68566529157924;-0,983614799346723;-0,927498529996246;-0,303165648765705;-0,53507561132336;-0,326640281373204;0,307365644142447;0,25467091628498;-0,374356190014904;-0,377698988665104;0,0238033414551656;-1,22471825529715;-0,864575033888977;-0,971372714295207;-0,351767139962913;-0,876562810014756;-1,55596568648669;-0,279025610583457;1,28834069785932;-1,47485329165267;1,7062461741823;1,61453255459669;0,606087108398735;-1,54994815653562;0,384859172424403;0,129701077144349;1,34125170997119;1,2866663861277;0,513576046211644;0,163291192367843;1,7770065533065;-1,54293774183608;-1,31572860802332;0,126474091068901;-0,659000131294298;-1,29577147404113;-1,46067567294403;-0,287496749432914;0,236495837212673;1,43645017623456
-0,531862336052469;-0,67005864626841;-0,0290584359277001;-1,36874252057842;1,41343611586663;1,60704886006794;1,61211327698495;-1,90467474857515;1,12343604606821;0,525775899444078;0,713614099129334;-0,271227831992704;-0,169863582030942;-0,667981052898314;-1,10973807534137;0,661873809199677;-0,0892629708352733;-1,44682452906108;0,935627035809641;0,962051993541867;-0,17813762063415;0,604548665459018;1,42338533619034;1,10655334252916;-0,731473566036964;-0,373496957787872;-2,05088424067088;0,591194882289394;1,36261163000036;-1,0813298178611;-1,49039995811097;0,27586603862476;1,13170275531077;1,54932105946414;0,249832214522244;0,131820285580042;-0,61342608293423;-0,419990112454044;-1,78082271114613;0,224760604751998;-0,0703289063659869;0,951565937668551;-2,13858918942023;1,45233942098443;0,866350429251126;-0,186580842156932;-0,189554635128349;0,56681978175142;-1,22414602693384;-0,0165655704580177;0,0107859482787042;1,18090937812196;0,131950005346739;0,701120492609904;-0,666763985968316;0,581258490600618;-0,375774490346641;0,582057713655246;1,08040053757065;-0,367397957892048;1,50360206919227;-1,13341263685099;-1,5496168864634;0,0504348323827608;-0,138155173991503;-1,71658297104197;0,314738904808629;-0,00151514938298063;0,799856224691547;0,476111131190697;-0,879031139412642;-1,82360388992778
-1,64663019558524;-1,30257337128538;-1,00905103975273;0,551993948518947;0,552761627355681;1,55690844911053;-1,73225933098752;1,08588917332535;1,41541401154731;-0,806456161399813;-0,294258177543663;-0,692447998314155;0,586309220339444;-0,855394415247313;-1,8201631494834;-1,55845505176457;0,0715958184796689;1,28077051004032;-1,48814750846779;0,491940760307059;0,213580129009054;0,292974480607674;0,415840493012128;-0,98102130147101;0,331872020101065;-0,415098491826897;-0,499528611034285;0,406505114545521;1,12566853946551;1,41167356134012;1,37059419146009;0,0311146752378748;-1,16417296718228;-0,276867712758799;0,788394560224417;-0,513295685305536;-0,287201437657453;0,437852805028799;1,57645054398396;-0,301406729825694;0,327310082938969;1,4990080498148;-0,152265049060562;0,242818499779415;0,858084290392155;0,876306011509428;1,05829459620363;-1,20706355002298;-1,68329934912265;-0,0905393253128131;1,5255809574531;1,04800753716046;-0,0135242541665612;0,304119536259171;-0,279854883878951;-0,356262982859972;-0,135072170964564;1,55531195505122;-1,73142743762915;-0,983689246864449;0,104887694097791;-0,555422752200099;1,54356232719277;-1,94780891583983;-0,593708659526958;1,2579688405514;-1,4798243971789;-1,08837243294878;-0,0604472821387896;0,276474229155079;0,312088079225818;1,21708470678381
1,3562283522926;0,5057531834304;-1,57831259372183;0,411560992386721;-1,3104847688916;-1,57030348119005;-0,116898053294998;1,11880451195549;0,232157165782507;-1,06013625577302;0,259174368569068;-0,574632102402458;1,52972170364192;-1,42755111426837;-1,69283901935401;0,237025431571898;-1,73259364480575;-0,642923486897674;1,2774445198243;-0,120150637382867;0,335030225713419;0,70808710452495;1,25065216957282;-0,892918183156414;1,59591596224685;-0,02168339821906;-0,937019306665679;1,25677008970842;0,513369836623332;0,31344698720913;0,544050123639442;-0,232069916417432;1,25415216544753;-1,44099973545177;1,40970242463816;1,24699590543603;0,260351935116166;1,08698815710916;-0,63777964599901;-0,166844806975467;-0,00685885435161176;-1,00571243720056;0,594615505765538;-0,447981735666638;0,976358335933794;0,439660732895157;-1,62315547498087;-0,747343923910768;1,28528222823276;0,116209797941321;-0,914434476032433;-1,02299888844088;0,752094350816452;-1,1902044253468;-0,781608981135811;-1,08730351002669;0,893541918205189;0,953046493782195;0,454085934487486;0,349639533675072;1,00515672982324;0,2647727613442;-1,13001008246218;1,55715108292099;0,0342545249351528;-1,24420047280783;-0,190343363502373;1,23527668129935;-1,19881263455892;-1,30139402044242;1,61511440080335;-1,1811408975673
1,80843945433743;-0,128653661367931;1,69958115059254;-0,232880463716415;-1,46821276541901;0,127361560278255;-0,0679376389461396;-0,418579689090646;0,0295615316483802;1,62269583094724;1,78491766380887;-1,18266093934592;-0,346482983678288;-0,00508763834075318;0,822988406070701;0,877982469126074;1,1498951693466;0,930977636246308;-1,22665407070415;1,11637261146607;-0,945370300626922;0,819712113983296;0,633917341548464;1,54020127466313;-1,45731560884577;0,844759162570862;1,32821328900962;0,652714688198194;-0,948287462974888;-1,06359047043678;-1,12799554495845;1,02123694296035;0,304867037317734;-1,31397143125166;-0,860126549612561;-0,532327404402028;-0,919572059748996;1,42416882717123;-1,04424810750136;-0,645965970966779;-0,390771344842529;-0,542367238845229;-1,0956409087136;1,36709447946159;0,459625521788975;-1,37278702091437;0,495846604521597;-1,3784483301398;-0,0973300316590099;0,90845519563805;-1,32452015788871;-0,159633296988733;-1,50130355002453;-0,908664945052632;1,73450245234953;-0,593702353474171;1,05104607925121;-1,42304981789889;-0,357994548698953;-0,499354845822268;0,612765353436238;1,09296475502327;-1,05272191994406;-0,48927769174314;1,16826168207738;-0,818748972979781;0,326089105503952;-0,614941246254932;-0,727390782556496;-0,227113883355575;0,215124835046765;1,53934342434297
0,214468890575378;1,06151321793466;-0,257463594686803;1,24065999058547;0,154103623643099;0,907769721193952;-0,68754098240581;1,56175441034282;-1,42522324045248;0,951921959144519;-1,02079114520619;-0,225038866467189;-1,51392990645774;0,670649849273895;0,766286151488967;-0,553490981954973;-1,42657392693236;1,37836242897765;0,0505791934420437;-1,26938650213881;0,0198182856426199;1,09760252398697;0,377892037366314;0,151036249062794;-1,26245300584535;1,03562688308813;-1,57653763964267;-0,488115039442363;-0,0658736374888544;-0,657080343195598;0,990564872368489;-1,64615461987467;-1,07797206793522;-1,24044491984799;1,09000444278255;-1,10974745387079;0,8067433343251;-1,45045322874091;0,712729762808659;1,61734270177811;0,718204236767577;-0,457274157278589;-1,03680423269657;1,13130420008716;0,164182568336108;0,629076539432013;-0,937937512409016;-1,45134206521982;-0,126350741615628;-1,07630198464489;-1,15199082385174;-0,646317266038715;1,18585842118971;-0,472283587941277;-0,426376037137467;0,763844743444471;-1,09338496423567;1,23847853310647;0,726106851626793;0,765455117411036;0,707301216032603;1,44755243389262;-0,149378096972341;0,878835479599183;1,6083354636321;-1,15164267013554;-0,924072943335988;1,37349339024631;1,22762378334741;0,0990274605557374;0,286744060575995;-1,75312684299547
-1,12109503265718;0,0425046809752667;-0,368437945435508;-1,3052067271892;0,31317974452906;0,836751616252918;1,55962971883256;-0,274633086010018;0,156115330578299;1,45021233361222;1,21920025677849;-0,784398088099;-1,28780720859256;-0,17265876231237;-1,19302602681598;0,981005489940216;0,777519632171855;-1,45259428567817;1,55648909151699;1,15087286795515;-0,552968678834072;1,52098033602792;-0,882427011819713;0,860250355178144;1,2718032097214;-0,298176941155309;1,10664074021288;-0,486174514389566;-0,254424662722594;-0,684671586609178;-1,04357368466517;1,35238284640933;0,241437124640659;-1,18407674961341;-1,31696024441073;-0,691419345789472;1,44388878554139;-0,91807341249466;-1,37419561505391;-0,367813407223353;1,18639999097875;-0,823234269523877;-1,21555865241986;0,777116622276064;-1,61256771104178;-1,16839038000846;0,3390811132904;-0,063702215839866;-1,73848531408652;-0,346732146924342;-1,24320659357408;0,844463976940025;0,0768535524264951;0,665777192974352;0,377661362108793;-1,06960811801676;-0,846161287213628;0,343778950054687;-1,00454268624227;-1,15973629432424;1,30257812670838;0,274711253213517;1,55225882738091;-0,93030606282113;0,722693038268784;1,4392846610375;0,54663203792868;1,46873679168919;-0,626791497910243;1,07086056964183;1,10958395506716;-0,0754999353420933
1,62824800951716;0,24903500696144;1,67234585514207;-1,45231398348175;1,08450471446245;0,00187596530615802;0,813240317273203;0,779682650047073;1,05340300827413;-0,526490799351071;-0,442178346978264;-1,63536240479629;-1,15579890696309;-0,233153906840787;-0,418295710731987;1,27241130183502;0,10247911747292;1,45446180800822;-1,57114207195655;-0,598732868551052;-1,64136761145994;1,48829547969803;-0,00928222792671209;-0,79254356456777;-0,734552520557617;1,41547723970936;-1,67432993631641;-1,43025838080427;-0,055189734026254;0,546920839507678;-1,15111436134311;-1,18081523529546;0,210916619050324;0,507781449201761;1,04070329885828;1,63034914336371;0,812807511345942;0,20191080292489;-0,384375631600919;0,928091422948874;1,34070436647657;-0,0126270033806504;-0,445980128656843;0,227460708497605;-0,914119728053125;1,59315488298878;-1,4399848071877;-0,662348309264443;0,259882508797868;1,09018888082346;-0,230597739820114;-0,298849775580807;1,03376637353876;0,101188199525207;-0,0751590952246868;-1,59035772305275;-1,47199301798372;0,734579166837965;0,991127733297794;1,37791667097502;-0,0541043512493041;0,513188445205596;-0,895437868798546;-1,22382808410542;-1,10568669087984;-0,991673364554673;-0,137389827624688;0,0453088400570668;0,435031990522851;-0,33975565787377;-1,2707064623828;1,60945751076995
0,203052083339263;-0,688861220249382;-0,133398354219694;0,174893164034013;0,297751463345309;1,55611535435893;-1,50091583950061;-0,518662915734174;1,21180697956475;0,786877801669435;0,113968183296997;0,654513442575584;-0,850051086788954;0,945358470203923;-0,406412830021873;-1,51267186984203;-1,04312288929853;0,989143047322787;1,45677599019778;-1,54392810215946;1,00791807245402;0,0423752958288513;-0,646958302106116;-0,800440775252242;-0,745573870354544;-0,849724260375193;-0,298723400353821;-1,54459758723796;0,0955976504867764;0,317229699125877;0,7021402017379;-1,02655452367526;0,721068726445811;-0,0347856876766027;1,3868022098127;0,188439316148121;-1,29238261792424;1,63692021552175;0,0105924707351695;-1,13032297871732;0,70362274274487;-0,0240675620560664;-1,37074266044501;1,04582733667486;-1,13093821175846;0,343370957511633;1,5220873466791;-0,156095351934722;1,30880669521671;-0,149840292255394;-0,438104879093832;1,32891201876011;0,0924890738998798;-1,24312766835591;-0,937105275730143;-1,46087409200495;1,74912274091695;-0,954508458482812;-0,701083845126804;-0,474075155794859;0,233287875197391;-1,57786913177801;1,17676509283926;-0,72697359907649;-1,53681327958383;-0,481028172543107;1,72447037518999;0,975760259947864;1,34958191945144;1,19617351289022;1,57073640714242;-0,889017445760061
-0,651321863571595;1,0625042726128;-0,45264215276505;-0,594389539189648;-0,1883125212404;0,138431833093858;-1,34178937726624;0,781793368734786;-0,585035646731769;1,79004555279221;-1,09814803926717;-1,43241592244124;-0,889147106406771;1,27421510077688;0,749724667264405;0,398833402091229;-0,732542087445517;1,34013610871779;0,279179993423836;1,58202079602736;0,797106373355351;-1,17752891588154;0,489150749831196;0,736895526073999;0,66258260504369;1,25610540526336;1,05775412562105;1,24956250709142;0,470517578578513;-1,11183391103128;0,337786239756147;-1,57391261007323;0,108821877767296;-1,21349320772317;0,407054328005195;1,01180867286216;1,10392369195987;1,57172230397479;0,607596370039076;0,0650136885112816;-1,33534602380162;0,447008172741833;-1,58022261419695;0,434281322483109;1,39277965010807;1,02604361002944;-1,54556152602695;-0,935840576841579;0,713534951375736;-0,221653716753849;0,112009394312939;-1,56238092105989;-0,664873625788432;-1,56863679984424;0,231461517602072;-1,16771045944575;-1,1205639889741;0,752470773110916;0,685036307716627;0,497590525446205;1,02268615942277;-0,649343432407699;-1,38264172159943;-1,16711924745619;-0,241658198719634;-1,21815294094965;0,400770651741433;-1,3695714104393;-0,826756738984017;1,67992444635221;1,23691816208132;-0,362255939470342
-0,960434318192067;-1,44500331836762;1,08191470146666;-1,31793588299921;-1,26877026980415;-1,59391204644746;1,14050252584737;1,41385599883685;0,973759893257687;0,218384084069724;-1,14413144813346;-0,998170233956244;0,609581389267424;0,131049187071568;0,903856529871019;-0,0771359165765124;0,402889200338745;-0,173132880228206;0,348111984150374;-1,31666950934249;-0,816340325231445;-1,54237121345482;0,858394555057743;1,11234815939122;0,0651305286585845;1,36745094017632;-1,01334349332627;0,795463818410335;-1,06070596241646;1,58910144067528;1,65164459198917;0,850245990026183;0,390160055610778;-1,20186600044832;1,19180457560821;-0,883465933321583;-0,856392361266734;-0,172650491283754;-1,52974456266743;-1,16053085530753;1,25476213265614;0,918371765132779;1,18324589870232;-0,969343562707667;-1,16982037309184;1,39755844619335;-0,00872546474385047;1,33491614676249;-0,350706263509209;-1,25518239745028;0,00871697523964042;1,09215541917362;-0,484693335304731;0,765971426393058;-1,2292456995354;-1,06326640536241;-0,54978307462618;1,72318134087462;0,37054838714139;-0,882606411181284;1,17304624567799;-1,30016459318813;0,829358660628136;1,13827325138159;0,320354290879734;-0,240762639360465;0,365284509232159;0,166244089090584;0,692859410262538;0,142119162567437;-0,865946855934943;-1,06966360900267
-0,346068757404889;-0,186059647718859;-0,903065485828054;-0,0224384279319118;-1,0653419579038;0,149780402361949;0,628057404912723;0,400955918315873;-0,325477360964709;-0,66818236033782;-0,567553443836086;-1,569187951645;-0,110553324375451;-1,18502088785469;-0,368878388231229;1,40777165897339;-1,74505321817715;0,599537888405703;1,45211089734799;-0,911634806880372;1,23160036227527;1,12220679539043;-0,652729343627892;0,915128795640425;-1,6801855520936;-1,72653706636443;0,44592827545057;0,825493264804252;-0,687426377179718;1,61915280575766;-1,098120527342;1,28461720053497;1,3936430444881;-0,638900247886684;-0,320666881049461;1,43690260615837;-0,106970902960234;0,489658060394022;1,70725077650208;1,03255718229263;-0,630653547883451;1,75000823408475;1,15752644680606;0,0865823571344709;0,960132658795508;0,625865091282787;-0,507644412921317;-0,294016740630543;-1,70072121582626;0,73765238944941;0,103818335751491;-1,68652290297441;0,458437030068855;1,76121767102747;-0,59642444553099;0,335028469595968;-1,30719999226219;-0,0148902590771919;-0,116122564009535;-1,1126745797106;1,50715614930267;1,60586816249976;-0,685487392675634;-0,141326144331081;-1,34393152116704;-0,048866621979767;-1,15952697374181;-1,24552276465999;0,938950015586058;-0,00247697199831567;-0,2591271262376;-0,431407256179881
0,609296886777023;-1,4726963032825;1,44896889706923;1,20782597443259;1,69847571237529;0,983464457817868;1,68863991892897;-0,607797798569737;0,496376884944988;-1,14729009122615;0,666938879129759;0,286963452508852;-0,359763887292445;-1,30120474632307;-1,05970514480383;1,36102013057345;1,69120755009106;1,06838960925118;0,888237481292652;1,64082627091965;-1,28355448526202;0,965247051533176;1,25232059622627;-0,537180566949544;0,574800052309368;-0,57963423944021;-0,445912129653028;-0,874024466249974;-0,0854792274073376;-1,14938910394314;0,482082487884426;0,00952226445148062;-0,886435500684617;-1,35521387733909;-0,685051771457283;-0,0576900233419094;-1,65618286490163;-0,17641968254701;0,278963021246103;-0,673959096274621;-0,0665970017999617;-1,50614139141614;0,0106986897858698;0,682037914650077;-1,03193395697662;0,653985838290472;-1,7797733809697;1,57340364028839;-0,985925382418349;-0,901530304952069;-1,31905956079883;1,52242352633019;0,746413021356225;-0,266843127987791;-1,15060437694978;1,37839803835629;-0,99066869639633;0,0873323992385645;-1,26579114265698;0,379292887035297;-0,469440477309309;0,663847320398736;1,21202963195004;-0,253051075892079;0,104975624001861;-1,24140045010193;-0,725418111586736;-0,903367074733559;1,11819522824666;0,732333081650515;1,11838593069488;-0,031189832142135
-0,918484998833345;-0,168049574390918;-0,0270202149579001;-1,46894190449247;-0,758135567519204;-1,13129521747047;-1,20464156467219;1,76616690581372;-0,519642841929017;-0,117889524498213;-1,57642885273931;-0,892630009149326;-1,52032896484111;0,832790921263623;1,12747089577249;1,24137912710708;1,64436818222406;-0,160748004241433;-0,779081849993898;0,149939806904306;-0,627209120567308;1,74563393129408;1,64445643699704;1,13373101589894;-0,796546493339295;-1,42896873217048;-1,12471155236929;-1,48168311190622;-0,34555913738942;0,991987618868665;-1,24304361539857;0,174466636022408;-0,118472635569657;0,592416294648842;0,870653814154754;-0,633363892904317;1,7697953651483;-1,1746614455633;0,570441513347643;-1,35699490621686;-0,236803804846447;-0,993468217584404;-0,63828026929865;1,66392278527449;0,694835994837143;0,54337592112343;-0,251662131197736;1,27105669128144;-0,331086453739031;0,0560747540072297;-0,519720190950052;-0,279628489573467;-0,0360046191930964;-0,590131109944971;-0,929332955880161;-0,821054862525359;0,0305580562141012;0,682312836745223;1,17066865644889;-1,01426244877304;1,83648040250088;-1,40805406619028;0,426630429778828;0,33143360680438;-0,559941522523957;0,0921685788403462;1,06890669402239;-0,269681191887891;1,80520117471093;0,0757391752524927;1,31464782956084;1,13393401436304
1,04342824630401;-1,29507548214383;-1,4965351278691;-1,51812227581783;0,608138453161993;1,79346179868397;-1,44157653094017;0,401928690325986;0,573297730318053;-0,710750834772762;0,601445406479407;1,39072307620111;-0,311016754772923;0,798702480150681;-1,68229581047607;-1,40704949804796;-0,300434806943077;-0,121326864904506;1,11431666966222;-0,758077084616193;-0,657597726682724;-0,234091391398757;-1,551396593642;-0,669800331769808;0,317436759513939;0,792064682970247;0,439473451337435;-1,26898865344606;1,26015711717542;-1,88510725367072;1,25107975088055;1,38525187959095;0,487656872682021;0,071309455583894;0,34757160155375;-0,775259312736932;-1,15775348254986;-1,49362661754608;0,212291314407297;-0,0755787933444374;0,128224529994632;-1,20063782720399;0,0435245413757558;0,613692523159698;-0,399611628127145;0,744551946362804;-1,37210147921995;0,2968957439471;-0,252966524793885;0,501100791816441;1,70191739210853;-0,00869436171059528;0,651179448013728;0,111097180864515;-0,179823391604704;-0,626576600284789;-1,64777512648938;0,987241178573234;-0,0215830606592359;1,63004974486428;-0,550107890641024;1,64138809717842;0,9557475478231;0,554308746001217;-0,147854610980785;1,03016950156098;-1,00103003446847;1,43164976431571;-1,45296535939063;0,906939476933397;1,56467995917443;-0,710904427384557
1,72864256027573;-0,575097048879655;1,14846268336125;-1,25413398145065;1,7874309632344;-0,193945516767762;1,79522770293803;1,63049400205926;0,44764439447095;-1,67451969796824;1,01228847030731;-1,0273707771761;-1,68662347216221;-0,501741880757155;-1,05359763959563;-1,42889692323877;-1,56056385340323;-0,801577908327582;-0,90826658876254;-0,172851345895839;0,533579612386842;0,590565467143506;-1,32605346171638;0,490413848788553;-0,184808756899503;1,54266238393067;-1,02475604867154;0,577944629038715;0,0082353163107232;-0,864381593575415;0,0127273285740407;0,861246259813828;0,962365431003933;0,708670869002484;0,515724820780538;-0,390881782150876;1,22165596503492;-0,584190743110333;-0,191685954820197;0,717686557995797;1,4946238056894;0,600343456998235;-0,386053350832219;-0,552511474720692;-0,938794982285604;0,381112551782815;0,618954544449428;-1,30302359085199;0,485463919482697;-1,27149012949798;1,41388435925712;1,52982065790869;0,210772052033276;0,16582040488084;0,973642192286437;-0,686113666860368;-1,07323434715587;-1,1661419254199;1,00953328548402;-1,57942218068886;-0,993380228088816;-0,606907686093283;-0,201932074244055;-0,512164771946228;0,391611483492891;-1,67314854949912;0,0891223018551393;-0,316435831129529;1,06139180849748;1,41614265259042;-0,571694378238519;1,10248539974227
1,27594560483084;0,411924482479046;0,376615694532867;1,7378018014322;-0,693953655940689;1,13678362664815;-0,30908773085665;1,31333662630144;-0,738947208816439;-1,2878059328669;-1,44579223202742;-0,43620291168228;-0,142778370629006;0,504494873174201;-0,971295054295051;-0,847081795048967;1,56925344103941;-0,502435120391475;-0,944186870092417;0,506061199603155;0,439330940902439;-0,344354511179053;-0,0694060775767703;0,262630767740171;-0,842208783957096;-1,41719391005741;0,991727833569408;-0,899967127629993;-1,27613664618592;-0,729012809177805;-0,216036695977884;1,00316030883987;1,19949471707584;-1,25963219236729;-1,47268633808437;1,58867404771793;1,58575760584311;0,911513478472791;-1,38713624354652;-0,228056981238616;1,13880918388222;1,36649912110393;1,21723031110565;-1,05457216545836;-0,567943810375264;-1,23315674374757;1,52861797666546;1,64988286793355;1,36987669479112;-0,574775908359658;-0,016973132174738;-0,0926403026411949;0,650778536113433;0,829156615557435;-0,999461883165017;0,0958656850703929;-1,04310387088368;-1,4104495041468;1,05557615444979;-0,801194176822776;-1,37937863786076;-0,933555034166157;1,06503884154785;1,78464092324761;0,72280608599723;-0,65437721798105;0,158877694128124;-0,407580609201212;0,452746780319074;-0,765393779126734;-0,638264078005837;-0,866694468372879
-0,872036983685676;0,953502802728756;1,04209485695661;0,729277704410563;0,0552192999504633;-0,765294427870387;-0,929545646239882;-1,39664249907976;-1,41550171298174;1,01510023779569;-0,697295530065341;0,96919480971042;0,957848593004617;1,58327347353962;-1,43761850884068;-1,41854017209382;1,43795318812374;0,0478167509148573;0,984206562103121;1,37140724851523;1,56131585045945;1,09182545986613;-0,5887565659542;0,389837686170374;-1,49172185065472;1,11151485935399;-0,174058062765409;-1,72018475753389;0,235364103868364;0,245163693273029;-0,540079403018289;0,456674663086205;-1,74456373731321;-0,909202495780536;-1,23074067186848;1,25999051209403;1,36092255866193;-0,269140701839886;1,56868722572341;1,17906245671346;0,953014311829108;0,513828037587047;-1,44010407194896;-0,958619231160068;1,22745759587094;1,68444402146477;-1,06604239954379;0,706748059698779;-1,26199640438215;-0,417003290109695;-0,34895098767964;-1,57112860660255;-0,275375622020084;-0,527502860144874;-0,960115411272076;-0,24948210664944;-0,269759620423889;-1,15976181832061;0,408980565958435;0,658084777498837;1,12314397179739;-1,02137987781284;0,0823737339542466;0,0537149306476019;-0,256839348292861;0,560410143750821;0,901739557916786;0,0550320996783089;1,00199515630125;-0,983228684032346;-1,06508239385338;-0,104925099143222
0,328636777663786;1,60260908880024;-1,19620860435268;-0,59180389771715;0,834377741361135;-1,24283420186951;0,985071717757582;-1,26169302294106;0,493913563762376;0,943580439980321;1,34961167397914;-0,971416973435201;-1,02738343455196;-0,607597338739153;-0,894861407241132;0,620522719968653;-1,54926608870383;0,847070467490749;-0,128468990916209;0,82357392660294;1,13831049543147;-0,72331690441054;-1,54445697352248;0,298724062272321;-1,18365985859667;0,354626557179184;1,11558041314754;-0,957313065470584;-0,846195260019399;0,712741907883999;1,5061579535491;1,5219905615492;-0,975536960577341;1,55536887610876;0,0944359783724853;0,0653620635898036;-0,766050477136536;1,60190933364573;0,858470680187787;-0,471797322811045;-0,166777140017068;0,199163079057162;-1,31711592194015;-1,31997584337543;-0,398366249995384;-0,40490142105467;-0,376468987412561;-1,09462099743422;-0,0221821354557218;-1,20963304902101;0,146679140663395;-1,33985994284696;1,11636828374799;0,0856841797494164;0,693421485690483;-0,546227136213967;1,54888524403443;0,2948847817984;-1,00632485740877;-1,11842963410634;-0,568597166593654;0,344203964939873;1,37431968550174;1,57098910430177;1,22723993485462;1,61743856085334;-1,59406083114615;-0,792934862237326;1,08778413131176;0,82959397759246;-0,211607621183104;-1,36135797392616
1,70779508222055;-1,37108531737152;-0,714333429628545;-0,766307019045738;-1,11684835352698;1,49151010911718;-1,01200388799909;0,928898243369765;-0,977487325715634;0,523859562926935;0,770174408624999;-1,35067347833163;-1,14500166835152;1,16923669560839;-1,30785466970911;0,642188204734621;-0,844667886538233;-1,06927957030251;0,213536092281535;0,642478384868444;0,927877483672944;0,287050364152048;-1,62132080564829;1,20070209079518;0,526539513525129;-1,21216617320178;-0,866151040923347;-0,326749351826212;-0,512535644378535;-1,29684801965969;-0,495854805785374;0,854782615504452;0,706334178665424;-0,188863038844495;-1,4457993787084;0,687300138780745;-1,01563404618128;-0,346784725035497;-1,25453236384595;1,70266827186861;-0,505617277644381;-0,3283521532424;1,46424294176885;0,52099624281237;1,20120813890368;0,928718465754545;0,922673353765353;1,69845985923688;1,13267426297479;-0,638215758051847;1,66181267503102;0,356480425023222;-1,18840774560619;0,764734947538716;-0,687703072885575;-0,29883149148682;-1,46934072127855;-0,195668802760365;0,426520185092495;-1,62425838988052;0,638084940485211;1,03411218149049;-0,278142321807021;-1,40021551561127;-0,699861840843012;1,63475851078391;-0,337640939333692;0,763228088156332;0,895459864761471;-0,275788090826497;-0,0617539586394194;1,22148355616063
-1,43656012666421;0,330681187062928;-0,472253064531163;-0,363954651016944;0,64309515494212;-0,323496978692669;1,82157106922732;1,4192873419501;-0,316008086147638;-0,746433011780955;0,360434929602151;-1,49622339858567;-1,14108203702072;0,968446511647151;0,424202802727451;1,76358830808015;-1,12249601469715;0,67336580796164;0,537825825615713;1,00086572400784;1,04759701357331;-1,25180636610916;-0,55589239269018;0,280006964336553;1,77179170145971;1,24671979969593;-0,399379993724947;1,38786821584618;-0,353809478526497;-1,4624069000531;-0,817873518838735;-0,211490434152616;1,24473946320108;-1,18109590729577;0,271584548785339;0,40127827680675;-0,283847159022405;1,59738020816965;0,979793339820597;0,774096252693685;-0,0953630064503125;0,930055870189474;0,611454108567768;-0,136509815230456;-0,846748277800237;-0,30433999562477;1,66091163524662;0,252801787734781;-0,308956419998812;-0,179568278611544;0,364886640283245;-1,29854232118063;1,10814111185915;0,859460826917178;-1,3462540518385;1,63732412632708;-0,735521053995349;1,06981785801442;-0,313668465594527;1,21845324212832;-1,54621161871618;-1,18839178036732;0,151002186728144;-0,475695819842997;-1,55065412669068;-1,05016926999369;-0,918884974904615;-1,58208076347341;-0,925232670886646;-1,59917010782776;0,425340833354093;-0,897798335984669
1,31873239376205;1,38584807318827;-0,634280792345263;-1,57054067019445;-0,170609292108999;1,21067413432017;-0,60507765492647;0,303141776362508;1,21563984906908;0,987967156956741;-0,0597217027637023;1,44518823179837;-0,136201583257812;-1,22315518977156;0,349452432459162;-1,31441003595639;-1,52498794399523;0,305343259584937;-0,59546899394917;0,316894368123275;0,145215372380123;1,38356218562182;0,536732513761121;-0,637342025531327;-0,937705781769908;-0,642966013459918;-0,330147372276923;-1,48838385343481;-1,09508276428843;1,41941715617617;-0,556021476431726;-0,448705400472269;1,03319047883257;-0,475040697316611;-1,08031702581585;1,1549170607087;-0,357715664201681;-1,53154931387681;-0,0772455125896773;-0,433645392910035;-0,185681092221732;0,877451553076395;1,43065520364481;-0,986484217009162;0,403512405238445;0,17993151641761;1,16179170952911;1,22038821173869;0,126568608264055;-1,37883802036265;1,49215672533644;0,290198174125518;0,546289281992779;1,5706709972351;0,476571072898306;1,54704599856631;-0,833870653144909;-1,67992497938599;0,97904090200154;-1,21062949122114;-0,14216470597496;-0,799680014063717;-0,284761671921121;1,408098483319;-0,138997579183587;-1,29400251486349;-1,27098845960626;-1,34414709851326;1,46903762647038;0,806411162176552;0,655181418671375;-1,67642484269047
-1,53139789627925;1,30077785411727;-1,40784595592497;0,713416188471093;1,41891751082229;-0,356877625274622;0,395627738712611;0,316563365821877;-0,390973970492668;-0,129197943250582;-0,195528886713473;-1,63316812489743;1,39250890496173;0,596045844440615;0,442850151245251;0,913958768137967;0,487522131682875;-1,23802194458551;0,122527208792531;-0,563857721149744;-1,1177793802539;-0,75829376297152;1,16726817244011;-1,29311168765854;-0,728607892132085;-1,9021278436921;0,594741210253328;-0,177400386419745;-0,43132258634857;0,655044791514901;1,211372121547;0,767366625390734;-0,62704790751214;1,33737714026298;-0,287496663490541;0,536792762745329;0,907471844368951;1,05236463118154;1,44914603855338;0,773278605857712;-0,850420515088413;-1,42614711015223;0,419421202207902;1,25785803549512;0,647136437832414;-0,777770483158623;1,33247848006616;0,535875481749026;-0,500253266775103;-0,94766399496192;-0,596559813535518;0,632994555618468;-1,40987016661116;-0,879208580101872;0,666590742694086;0,694305704810209;-1,79184512666227;1,35267556985151;-0,483330727736249;1,39569054617496;0,515791002589987;-1,35232668320707;-1,17746885616898;0,421391076110369;0,126839773320359;0,50451432601373;0,461289620732649;-1,87022304364067;-1,04181230040827;1,37346722661786;-1,91886788457041;0,902567338619273
-0,769598859516465;1,26666283905281;-1,18860085766189;-1,16679758016059;0,73973935118175;1,82678176782068;-0,0227358117342284;-1,42598300418751;-1,31699556260499;-1,41628060471923;-1,15231353142746;-0,958839719684486;-0,223632446520868;-0,896808280768115;0,701929337910591;-1,22300036242503;-0,804406477637254;0,935637047173527;0,853318919922882;1,47219487691583;0,0604366997303591;-1,42169042934877;-1,21767383690726;-0,97327386225138;1,6687054009137;1,91539501663872;-0,344209617737917;-1,33253059181907;0,678398878310626;1,72731607394693;0,102425929074431;0,0437867603485457;-0,504011835006732;0,418351610447823;0,377469926435076;-0,308994519742832;-0,715616194707788;0,808262278867458;-1,07056179832692;-1,25105935598548;0,350233154775295;-0,0823863058308922;1,68750461029986;0,90695703297686;-1,22498563922841;-1,24361492341859;-0,380083871751233;-0,00143693706052639;-1,22252872853816;0,659179554137773;1,30175693382831;0,390061144281159;-0,505031501504976;-1,02348556178383;-0,183013353206914;-0,823050286131589;1,00919481999617;1,70203774530433;-0,918138240359458;0,741709075257873;0,695849529594705;-0,165347075879048;-0,187017141783294;-1,12694689583708;0,398658206921183;0,721264448938839;1,46253685603709;1,27538068374615;0,64308653351165;-0,464217998310468;1,4099805729976;0,304695984210129
0,449932276352666;0,547829037962062;-0,431759036298982;-1,4080787106059;-1,26799464029857;-0,28626513325082;-1,29950344129602;1,35344493713915;0,738379451890843;1,49046290077597;1,72256354676272;-1,53132652413109;-1,12615660280669;1,54544161974492;-1,00325235691189;-1,0325124060177;-0,950856942534145;-0,353426723943041;0,517854567795743;-0,578444559462504;0,170939518581477;0,0251955461091853;-0,109054829036741;-1,03639469235988;-1,44616092098346;1,25585789345743;-1,04365513303687;-0,108397928370121;-0,86611178359987;0,181550402486649;1,18958088281108;1,07612122851892;1,08360931864616;-0,556300206497748;1,69165879968815;0,701246457179774;1,16387315436145;-0,404493986818075;-1,18277225710608;-0,33753188238401;1,36655458407729;-0,516286803555083;1,7538471241344;0,956036163991057;-0,134781612810193;-0,285238434545245;1,75510726276475;0,604721767097806;0,0923539517253733;0,860752207518837;0,592479413843317;-0,635424514315506;0,771916924217094;0,35427939293301;-1,49720704453091;-1,12575378362585;-0,893606646870526;-0,945854857808431;-1,51240830349177;-0,691603830525585;-0,79310051408328;0,641143190304517;0,669066206869688;-0,993661464465135;-1,24960849590443;-0,904048195625535;-0,782687139546837;1,26239230692147;1,68603152328719;0,127749889138748;-0,364136857148737;1,28588574751434
-0,791099114554728;-0,76262339481956;-0,125820222508534;-0,946506346165469;0,110755649110132;0,83635856215502;1,01512151601353;0,731566908834757;1,45510587743631;0,19853593841309;1,78151261798967;0,112710373811998;1,55168411077187;0,297654066432726;-1,36534058404036;-0,900466092878001;-0,6691069263099;1,38285044714764;0,0459827374300195;0,608997994261085;-0,48648439606675;1,46394238116378;-1,19982382585152;-0,904751004090449;0,704852152454331;1,30641049072907;0,713882763749723;-0,856795393644505;-1,15402800272135;-1,15920435324089;0,818623358976738;1,9623291951224;-0,358572612552088;1,24279540855756;-1,60425246763589;-0,0938015685574626;-1,18729101209689;1,30781867232076;0,656740489445333;0,184990265202551;-0,0509060611242398;-0,386877145913822;-0,212867148994974;0,932716256290489;0,918083799456039;-1,08160250567873;-0,639745137996158;0,334407053745286;-1,32375075617425;-1,65591703980911;0,349016360293883;-1,23969190460455;-1,60680378416115;0,991325580056318;0,192083886568631;-0,254006874327907;-1,26078729081732;-0,91905694026737;0,349676122770802;0,805379779771669;-1,57551192344399;0,17392918780875;0,187607189706818;0,91632250882791;1,38094720082695;1,82021804425786;-1,2267047354852;-1,38909901963498;0,20391881221933;0,729495605907701;-1,41116280263039;0,0241090227599378
-0,999459411602394;1,54227549184041;-1,05883961707115;1,57761367920287;-0,146775074166165;-0,245727821223002;0,0320474591396334;-0,0484341408066276;0,0948019773557584;-1,31035635780304;-1,23189568345987;-1,20056360126723;0,314225462224865;0,195398176938788;1,55045359110279;0,45622524614032;-0,708323622975353;0,455913661761905;-0,604037061488035;1,42637194744973;-0,791348918471515;1,53363674484875;-0,0717109623074212;1,46529643802399;1,15169547673704;0,654179169969117;1,26493239431293;0,857825621511031;-1,52056639835124;-0,978611889992586;-1,53367371350662;-0,174609125989374;1,4474310578484;-1,35929883960594;1,42674858473245;-1,4442496936542;0,169472312743962;0,133838048770104;1,45812711143594;0,654096500501019;0,682819851233418;-1,41642983797277;-1,15094443979635;1,43644788810461;-0,390596070839984;-0,409660325925303;-1,27086317031466;-0,735313074656363;1,62127490118958;-0,0172878551962048;1,00160925747037;1,26615283456633;-0,520166067421466;-1,1528753638072;-0,965516839846406;-0,86614453647163;-0,0367224227188475;-0,857184435115638;-1,22479067440085;0,865997375844227;0,15629140444358;0,841173457608112;-0,178576619322065;-0,577295009518333;-1,4273915211631;0,609665062509009;-0,981043039136123;0,0228154249641256;0,435601212185845;1,34399440789031;-1,36395594347032;0,824789948234053
0,437518099960809;0,162739130041727;-1,25021043195301;-1,37741179806836;0,833853882792633;-0,105710624005033;-0,0559011999749529;-0,372142436356649;0,0183443107656065;0,0990891887197917;0,693876899163674;-0,100470684912962;-0,612559384533942;-1,49256184187308;-1,67753401224972;0,743368878097404;1,09078511192619;0,413302165976262;0,00233653766506556;-0,94624368289935;-0,589808557137253;-1,41279116817872;-1,51406662892606;1,34356231977752;0,18451394016395;0,897663176988054;1,0263217192036;0,439614283273239;-1,43506704711273;0,124574768730926;0,256385629197834;-1,75084177973216;-0,602650576104818;-1,8587059894809;-1,40282202932363;0,51614372303745;1,24975938217311;-1,98401445551394;-0,526444793458768;1,30366228142184;0,372930664193381;0,294476607372491;-1,41329131804256;1,30609956361728;1,44666314456765;1,14611485204018;1,23010344043949;1,19736542697882;0,00736545877195475;-0,559325209018323;0,171091761486889;1,29177884791641;-0,884062716372178;0,719157439327571;-0,849382469921154;-0,198245917695089;-0,37174942686683;-1,08018768364689;-0,0483406701486736;1,44977577388821;0,381552724874995;1,01806958483544;-0,985630575078533;1,40735461011831;1,35628862760559;0,39616349306122;-1,54637529464276;-0,802408580887657;1,42384525553418;-0,680092667203535;1,00719456400793;1,02624438160551
